﻿<?xml version="1.0" encoding="utf-8"?>
<?xml-stylesheet type="text/xsl" href="c:\program files (x86)\microsoft visual studio 14.0\team tools\static analysis tools\fxcop\Xml\CodeAnalysisReport.xsl"?>
<FxCopReport Version="14.0">
 <Targets>
  <Target Name="D:\Work\SourceControl\GitHub\SSASActivityMonitor\bin\Release\SSASActivityMonitor.exe">
   <Modules>
    <Module Name="ssasactivitymonitor.exe">
     <Namespaces>
      <Namespace Name="Microsoft.AnalysisServices.Samples.ActivityViewer">
       <Types>
        <Type Name="Alert" Kind="Class" Accessibility="Public" ExternallyVisible="True">
         <Messages>
          <Message TypeName="ImplementIDisposableCorrectly" Category="Microsoft.Design" CheckId="CA1063" Status="Active" Created="2017-09-15 09:44:59Z" FixCategory="Breaking">
           <Issue Name="ProvideDisposeBool" Certainty="95" Level="Error">Provide an overridable implementation of Dispose(bool) on 'Alert' or mark the type as sealed. A call to Dispose(false) should only clean up native resources. A call to Dispose(true) should clean up both managed and native resources.</Issue>
          </Message>
         </Messages>
         <Members>
          <Member Name="#Dispose()" Kind="Method" Static="False" Accessibility="Public" ExternallyVisible="True">
           <Messages>
            <Message TypeName="ImplementIDisposableCorrectly" Category="Microsoft.Design" CheckId="CA1063" Status="Active" Created="2017-09-15 09:44:59Z" FixCategory="Breaking">
             <Issue Name="DisposeImplementation" Certainty="95" Level="Error" Path="D:\Work\SourceControl\GitHub\SSASActivityMonitor" File="ServerManager.cs" Line="109">Modify 'Alert.Dispose()' so that it calls Dispose(true), then calls GC.SuppressFinalize on the current object instance ('this' or 'Me' in Visual Basic), and then returns.</Issue>
            </Message>
           </Messages>
          </Member>
         </Members>
        </Type>
        <Type Name="ASCommands" Kind="Class" Accessibility="Public" ExternallyVisible="True">
         <Members>
          <Member Name="#DataTableFromQuery(System.String)" Kind="Method" Static="False" Accessibility="Public" ExternallyVisible="True">
           <Messages>
            <Message TypeName="Review SQL queries for security vulnerabilities" Category="Microsoft.Security" CheckId="CA2100" Status="Active" Created="2017-09-15 09:44:59Z" FixCategory="DependsOnFix">
             <Issue Name="WithNonLiterals" Certainty="75" Level="Warning" Path="D:\Work\SourceControl\GitHub\SSASActivityMonitor" File="ASCommands.cs" Line="118">The query string passed to 'OleDbDataAdapter.OleDbDataAdapter(string, string)' in 'ASCommands.DataTableFromQuery(string)' could contain the following variables 'query'. If any of these variables could come from user input, consider using a stored procedure or a parameterized SQL query instead of building the query with string concatenations.</Issue>
            </Message>
           </Messages>
          </Member>
          <Member Name="#GetDiscoverResults(System.String,System.Collections.Specialized.NameValueCollection)" Kind="Method" Static="False" Accessibility="Private" ExternallyVisible="False">
           <Messages>
            <Message TypeName="DoNotLockOnObjectsWithWeakIdentity" Category="Microsoft.Reliability" CheckId="CA2002" Status="Active" Created="2017-09-15 09:44:59Z" FixCategory="NonBreaking">
             <Issue Certainty="75" Level="CriticalError" Path="D:\Work\SourceControl\GitHub\SSASActivityMonitor" File="ASCommands.cs" Line="411">'ASCommands.GetDiscoverResults(string, NameValueCollection)' locks on a reference of type 'AdomdConnection'. Replace this with a lock against an object with strong-identity.</Issue>
             <Issue Certainty="75" Level="CriticalError" Path="D:\Work\SourceControl\GitHub\SSASActivityMonitor" File="ASCommands.cs" Line="424">'ASCommands.GetDiscoverResults(string, NameValueCollection)' locks on a reference of type 'AdomdConnection'. Replace this with a lock against an object with strong-identity.</Issue>
            </Message>
           </Messages>
          </Member>
         </Members>
        </Type>
        <Type Name="RuleManager" Kind="Class" Accessibility="Public" ExternallyVisible="True">
         <Messages>
          <Message TypeName="ImplementIDisposableCorrectly" Category="Microsoft.Design" CheckId="CA1063" Status="Active" Created="2017-09-15 09:44:59Z" FixCategory="Breaking">
           <Issue Name="ProvideDisposeBool" Certainty="95" Level="Error">Provide an overridable implementation of Dispose(bool) on 'RuleManager' or mark the type as sealed. A call to Dispose(false) should only clean up native resources. A call to Dispose(true) should clean up both managed and native resources.</Issue>
          </Message>
         </Messages>
         <Members>
          <Member Name="#Dispose()" Kind="Method" Static="False" Accessibility="Public" ExternallyVisible="True">
           <Messages>
            <Message TypeName="ImplementIDisposableCorrectly" Category="Microsoft.Design" CheckId="CA1063" Status="Active" Created="2017-09-15 09:44:59Z" FixCategory="Breaking">
             <Issue Name="DisposeImplementation" Certainty="95" Level="Error" Path="D:\Work\SourceControl\GitHub\SSASActivityMonitor" File="RuleManager.cs" Line="361">Modify 'RuleManager.Dispose()' so that it calls Dispose(true), then calls GC.SuppressFinalize on the current object instance ('this' or 'Me' in Visual Basic), and then returns.</Issue>
            </Message>
           </Messages>
          </Member>
          <Member Name="#Finalize()" Kind="Method" Static="False" Accessibility="Family" ExternallyVisible="True">
           <Messages>
            <Message TypeName="ImplementIDisposableCorrectly" Category="Microsoft.Design" CheckId="CA1063" Status="Active" Created="2017-09-15 09:44:59Z" FixCategory="Breaking">
             <Issue Name="FinalizeImplementation" Certainty="95" Level="Error" Path="D:\Work\SourceControl\GitHub\SSASActivityMonitor" File="RuleManager.cs" Line="92">Modify 'RuleManager.~RuleManager()' so that it calls Dispose(false) and then returns.</Issue>
            </Message>
           </Messages>
          </Member>
         </Members>
        </Type>
        <Type Name="ServerControl" Kind="Class" Accessibility="Public" ExternallyVisible="True">
         <Members>
          <Member Name="#Dispose(System.Boolean)" Kind="Method" Static="False" Accessibility="Family" ExternallyVisible="True">
           <Messages>
            <Message Id="serverMan" TypeName="DisposableFieldsShouldBeDisposed" Category="Microsoft.Usage" CheckId="CA2213" Status="Active" Created="2017-09-15 09:44:59Z" FixCategory="NonBreaking">
             <Issue Certainty="75" Level="Warning" Path="D:\Work\SourceControl\GitHub\SSASActivityMonitor" File="ServerControl.Designer.cs" Line="40">'ServerControl' contains field 'ServerControl.serverMan' that is of IDisposable type: 'ServerManager'. Change the Dispose method on 'ServerControl' to call Dispose or Close on this field.</Issue>
            </Message>
           </Messages>
          </Member>
          <Member Name="#Finalize()" Kind="Method" Static="False" Accessibility="Family" ExternallyVisible="True">
           <Messages>
            <Message TypeName="ImplementIDisposableCorrectly" Category="Microsoft.Design" CheckId="CA1063" Status="Active" Created="2017-09-15 09:44:59Z" FixCategory="Breaking">
             <Issue Name="FinalizeImplementation" Certainty="95" Level="Error" Path="D:\Work\SourceControl\GitHub\SSASActivityMonitor" File="ServerControl.cs" Line="93">Modify 'ServerControl.~ServerControl()' so that it calls Dispose(false) and then returns.</Issue>
             <Issue Name="FinalizeOverride" Certainty="95" Level="Error" Path="D:\Work\SourceControl\GitHub\SSASActivityMonitor" File="ServerControl.cs" Line="93">Remove the finalizer from type 'ServerControl', override Dispose(bool disposing), and put the finalization logic in the code path where 'disposing' is false.</Issue>
            </Message>
           </Messages>
          </Member>
         </Members>
        </Type>
        <Type Name="ServerManager" Kind="Class" Accessibility="Public" ExternallyVisible="True">
         <Messages>
          <Message TypeName="ImplementIDisposableCorrectly" Category="Microsoft.Design" CheckId="CA1063" Status="Active" Created="2017-09-15 09:44:59Z" FixCategory="Breaking">
           <Issue Name="ProvideDisposeBool" Certainty="95" Level="Error">Provide an overridable implementation of Dispose(bool) on 'ServerManager' or mark the type as sealed. A call to Dispose(false) should only clean up native resources. A call to Dispose(true) should clean up both managed and native resources.</Issue>
          </Message>
         </Messages>
         <Members>
          <Member Name="#Dispose()" Kind="Method" Static="False" Accessibility="Public" ExternallyVisible="True">
           <Messages>
            <Message TypeName="ImplementIDisposableCorrectly" Category="Microsoft.Design" CheckId="CA1063" Status="Active" Created="2017-09-15 09:44:59Z" FixCategory="Breaking">
             <Issue Name="DisposeImplementation" Certainty="95" Level="Error" Path="D:\Work\SourceControl\GitHub\SSASActivityMonitor" File="ServerManager.cs" Line="368">Modify 'ServerManager.Dispose()' so that it calls Dispose(true), then calls GC.SuppressFinalize on the current object instance ('this' or 'Me' in Visual Basic), and then returns.</Issue>
            </Message>
           </Messages>
          </Member>
          <Member Name="#Finalize()" Kind="Method" Static="False" Accessibility="Family" ExternallyVisible="True">
           <Messages>
            <Message TypeName="ImplementIDisposableCorrectly" Category="Microsoft.Design" CheckId="CA1063" Status="Active" Created="2017-09-15 09:44:59Z" FixCategory="Breaking">
             <Issue Name="FinalizeImplementation" Certainty="95" Level="Error" Path="D:\Work\SourceControl\GitHub\SSASActivityMonitor" File="ServerManager.cs" Line="188">Modify 'ServerManager.~ServerManager()' so that it calls Dispose(false) and then returns.</Issue>
            </Message>
           </Messages>
          </Member>
         </Members>
        </Type>
       </Types>
      </Namespace>
     </Namespaces>
    </Module>
   </Modules>
  </Target>
 </Targets>
 <Rules>
  <Rule TypeName="DisposableFieldsShouldBeDisposed" Category="Microsoft.Usage" CheckId="CA2213">
   <Name>Disposable fields should be disposed</Name>
   <Description>If a type that implements IDisposable owns fields that also implement IDisposable, the encapsulating type's Dispose() implementation should call Dispose() on each disposable field.</Description>
   <Resolution Name="Default">{0} contains field {1} that is of IDisposable type: {2}. Change the Dispose method on {0} to call Dispose or Close on this field.</Resolution>
   <Owner />
   <Url>http://msdn.microsoft.com/library/ms182328.aspx</Url>
   <Email>[none]</Email>
   <MessageLevel Certainty="75">Warning</MessageLevel>
   <File Name="usagerules.dll" Version="14.0.0.0" />
  </Rule>
  <Rule TypeName="DoNotLockOnObjectsWithWeakIdentity" Category="Microsoft.Reliability" CheckId="CA2002">
   <Name>Do not lock on objects with weak identity</Name>
   <Description>Don't take locks on objects that may bleed across AppDomains or that don't have a strong identity.</Description>
   <Resolution Name="Default">{0} locks on a reference of type {1}. Replace this with a lock against an object with strong-identity.</Resolution>
   <Owner />
   <Url>http://msdn.microsoft.com/library/ms182290.aspx</Url>
   <Email>[none]</Email>
   <MessageLevel Certainty="75">CriticalError</MessageLevel>
   <File Name="reliabilityrules.dll" Version="14.0.0.0" />
  </Rule>
  <Rule TypeName="ImplementIDisposableCorrectly" Category="Microsoft.Design" CheckId="CA1063">
   <Name>Implement IDisposable correctly</Name>
   <Description>All IDisposable types should implement the Dispose pattern correctly.</Description>
   <Resolution Name="DisposeImplementation">Modify {0} so that it calls Dispose(true), then calls GC.SuppressFinalize on the current object instance ('this' or 'Me' in Visual Basic), and then returns.</Resolution>
   <Resolution Name="FinalizeImplementation">Modify {0} so that it calls Dispose(false) and then returns.</Resolution>
   <Resolution Name="FinalizeOverride">Remove the finalizer from type {0}, override Dispose(bool disposing), and put the finalization logic in the code path where 'disposing' is false.</Resolution>
   <Resolution Name="ProvideDisposeBool">Provide an overridable implementation of Dispose(bool) on {0} or mark the type as sealed. A call to Dispose(false) should only clean up native resources. A call to Dispose(true) should clean up both managed and native resources.</Resolution>
   <Owner />
   <Url>http://msdn.microsoft.com/library/ms244737.aspx</Url>
   <Email>[none]</Email>
   <MessageLevel Certainty="95">Error</MessageLevel>
   <File Name="designrules.dll" Version="14.0.0.0" />
  </Rule>
  <Rule TypeName="Review SQL queries for security vulnerabilities" Category="Microsoft.Security" CheckId="CA2100">
   <Name>Review SQL queries for security vulnerabilities</Name>
   <Description>A SQL command string built from user input is vulnerable to SQL injection attacks. Microsoft SQL Server and other database servers support stored procedures and parameterized SQL queries, which reduce the risk of injection attacks.</Description>
   <Resolution Name="WithNonLiterals">The query string passed to {0} in {1} could contain the following variables {2}. If any of these variables could come from user input, consider using a stored procedure or a parameterized SQL query instead of building the query with string concatenations.</Resolution>
   <Owner>RuleOwner</Owner>
   <Url>http://msdn.microsoft.com/library/ms182310.aspx</Url>
   <Email />
   <MessageLevel Certainty="75">Warning</MessageLevel>
   <File Name="dataflowrules.dll" Version="14.0.0.0" />
  </Rule>
 </Rules>
 <Localized>
  <String Key="Category">Category</String>
  <String Key="Certainty">Certainty</String>
  <String Key="CollapseAll">Collapse All</String>
  <String Key="CheckId">Check Id</String>
  <String Key="Error">Error</String>
  <String Key="Errors">error(s)</String>
  <String Key="ExpandAll">Expand All</String>
  <String Key="Help">Help</String>
  <String Key="Line">Line</String>
  <String Key="Messages">message(s)</String>
  <String Key="LocationNotStoredInPdb">[Location not stored in Pdb]</String>
  <String Key="Project">Project</String>
  <String Key="Resolution">Resolution</String>
  <String Key="Rule">Rule</String>
  <String Key="RuleFile">Rule File</String>
  <String Key="RuleDescription">Rule Description</String>
  <String Key="Source">Source</String>
  <String Key="Status">Status</String>
  <String Key="Target">Target</String>
  <String Key="Warning">Warning</String>
  <String Key="Warnings">warning(s)</String>
  <String Key="ReportTitle">Code Analysis Report</String>
 </Localized>
</FxCopReport>
